{ "timestamp":"2024-07-10T22:11:37Z", "event":"Status", "Flags":150994968, "Flags2":0, "Pips":[4,8,0], "FireGroup":2, "GuiFocus":0, "Fuel":{ "FuelMain":28.850004, "FuelReservoir":0.254928 }, "Cargo":31.000000, "LegalState":"Clean", "Balance":3283314227 }
