{ "timestamp":"2020-12-19T20:10:38Z", "event":"Reputation", "Empire":75.000000, "Federation":-68.862801, "Independent":10.536000, "Alliance":3.505350 }
